Datum;Zuletzt;Eröffn.;Hoch;Tief;Vol.;+/- %
08.12.2021;4.375,00;4.308,26;4.383,50;4.282,34;377,89K;1,58%
07.12.2021;4.307,11;4.350,79;4.424,22;4.259,06;420,89K;-1,05%
06.12.2021;4.352,66;4.197,06;4.374,22;3.922,04;726,73K;3,77%
05.12.2021;4.194,60;4.123,56;4.247,57;4.035,80;536,33K;1,86%
04.12.2021;4.118,06;4.213,57;4.237,33;3.561,06;1,11M;-2,36%
03.12.2021;4.217,78;4.512,71;4.646,83;4.045,17;677,86K;-6,54%
02.12.2021;4.512,71;4.583,02;4.630,11;4.437,49;451,88K;-1,53%
01.12.2021;4.582,96;4.630,52;4.778,00;4.524,92;508,22K;-1,04%
30.11.2021;4.631,22;4.442,62;4.748,00;4.348,96;742,65K;4,24%
29.11.2021;4.442,82;4.300,00;4.457,00;4.279,54;406,97K;3,38%
28.11.2021;4.297,52;4.094,97;4.297,52;3.980,00;346,50K;4,98%
27.11.2021;4.093,56;4.041,65;4.182,66;4.028,52;275,44K;1,47%
26.11.2021;4.034,41;4.525,51;4.547,70;3.916,62;720,21K;-10,74%
25.11.2021;4.519,71;4.272,28;4.549,18;4.248,98;445,83K;5,85%
24.11.2021;4.270,00;4.338,75;4.372,80;4.171,89;448,73K;-1,62%
23.11.2021;4.340,45;4.088,03;4.384,72;4.062,19;502,79K;6,21%
22.11.2021;4.086,52;4.263,24;4.311,17;4.026,64;518,63K;-4,26%
21.11.2021;4.268,16;4.412,18;4.422,54;4.246,31;340,07K;-3,17%
20.11.2021;4.408,00;4.294,75;4.434,09;4.206,02;365,23K;2,62%
19.11.2021;4.295,39;3.996,26;4.305,18;3.978,34;420,39K;7,30%
18.11.2021;4.003,13;4.291,23;4.342,67;3.958,35;576,62K;-6,71%
17.11.2021;4.290,99;4.208,75;4.298,72;4.070,81;472,87K;1,96%
16.11.2021;4.208,42;4.562,12;4.562,12;4.111,94;735,80K;-7,77%
15.11.2021;4.563,04;4.634,28;4.770,01;4.544,21;375,48K;-1,36%
14.11.2021;4.625,76;4.644,94;4.692,28;4.514,81;245,31K;-0,41%
13.11.2021;4.644,58;4.669,97;4.704,89;4.585,21;220,73K;-0,45%
12.11.2021;4.665,46;4.718,28;4.807,78;4.512,66;461,58K;-1,17%
11.11.2021;4.720,86;4.625,11;4.778,09;4.578,99;303,77K;1,88%
10.11.2021;4.633,95;4.732,74;4.864,13;4.507,15;553,55K;-2,07%
09.11.2021;4.731,68;4.804,50;4.836,54;4.715,36;311,31K;-1,59%
08.11.2021;4.808,09;4.613,20;4.822,96;4.613,20;391,09K;4,26%
07.11.2021;4.611,73;4.516,46;4.634,35;4.502,38;243,69K;2,09%
06.11.2021;4.517,27;4.473,03;4.526,66;4.330,83;322,09K;0,95%
05.11.2021;4.474,98;4.533,16;4.569,43;4.439,00;305,64K;-1,34%
04.11.2021;4.535,53;4.603,78;4.604,98;4.421,72;368,26K;-1,45%
03.11.2021;4.602,42;4.589,26;4.661,14;4.459,50;448,68K;0,36%
02.11.2021;4.585,74;4.318,80;4.598,12;4.287,86;468,16K;6,13%
01.11.2021;4.320,91;4.288,93;4.377,37;4.158,07;417,62K;0,78%
31.10.2021;4.287,60;4.327,99;4.393,48;4.170,48;413,75K;-0,79%
30.10.2021;4.321,56;4.420,46;4.427,46;4.250,84;340,24K;-2,09%
29.10.2021;4.413,79;4.286,51;4.459,04;4.268,25;559,06K;3,02%
28.10.2021;4.284,51;3.923,58;4.289,44;3.895,91;626,56K;9,25%
27.10.2021;3.921,72;4.130,52;4.300,31;3.914,22;704,44K;-5,04%
26.10.2021;4.129,69;4.225,63;4.292,35;4.098,35;414,49K;-2,15%
25.10.2021;4.220,35;4.084,10;4.235,25;4.069,92;347,43K;3,36%
24.10.2021;4.083,18;4.171,99;4.183,98;3.965,55;350,13K;-2,05%
23.10.2021;4.168,78;3.971,49;4.168,78;3.938,36;326,59K;4,98%
22.10.2021;3.970,90;4.053,34;4.163,97;3.896,17;463,25K;-2,05%
21.10.2021;4.054,15;4.161,79;4.365,70;4.028,35;798,63K;-2,55%
20.10.2021;4.160,21;3.882,65;4.168,40;3.830,31;537,35K;7,31%
19.10.2021;3.876,71;3.745,28;3.884,23;3.733,81;341,28K;3,44%
18.10.2021;3.747,62;3.849,34;3.892,36;3.685,35;401,93K;-2,52%
17.10.2021;3.844,63;3.829,47;3.917,62;3.666,11;368,80K;0,43%
16.10.2021;3.828,25;3.872,68;3.967,73;3.804,46;373,76K;-1,05%
15.10.2021;3.868,99;3.790,95;3.906,54;3.735,10;504,33K;2,08%
14.10.2021;3.790,18;3.609,00;3.819,81;3.588,20;481,88K;5,07%
13.10.2021;3.607,21;3.490,76;3.611,83;3.415,45;393,40K;3,39%
12.10.2021;3.489,00;3.541,35;3.544,88;3.404,64;409,44K;-1,58%
11.10.2021;3.545,08;3.413,29;3.622,89;3.382,58;493,49K;3,82%
10.10.2021;3.414,72;3.573,89;3.599,23;3.409,25;580,26K;-4,46%
09.10.2021;3.574,23;3.564,99;3.630,33;3.542,00;361,87K;0,42%
08.10.2021;3.559,24;3.586,69;3.668,14;3.537,94;403,54K;-0,77%
07.10.2021;3.586,93;3.575,39;3.649,64;3.473,54;486,11K;0,32%
06.10.2021;3.575,58;3.514,94;3.627,08;3.345,56;618,23K;1,64%
05.10.2021;3.517,82;3.386,15;3.540,83;3.364,83;393,90K;3,98%
04.10.2021;3.383,17;3.417,06;3.436,13;3.272,33;485,18K;-0,97%
03.10.2021;3.416,18;3.390,74;3.485,00;3.347,32;360,64K;0,82%
02.10.2021;3.388,26;3.310,94;3.468,30;3.258,28;422,51K;2,38%
01.10.2021;3.309,58;2.998,46;3.328,74;2.972,91;648,73K;10,32%
30.09.2021;2.999,86;2.849,34;3.047,00;2.837,55;506,99K;5,19%
29.09.2021;2.851,72;2.803,84;2.949,06;2.785,64;411,25K;1,57%
28.09.2021;2.807,67;2.920,35;2.969,01;2.791,10;511,61K;-4,04%
27.09.2021;2.926,02;3.057,50;3.164,20;2.926,02;510,07K;-4,48%
26.09.2021;3.063,32;2.923,34;3.113,37;2.739,59;703,59K;4,84%
25.09.2021;2.921,91;2.928,56;2.965,49;2.809,42;491,98K;-0,22%
24.09.2021;2.928,24;3.152,02;3.157,89;2.740,03;932,09K;-7,12%
23.09.2021;3.152,67;3.076,23;3.173,14;3.035,15;459,46K;2,43%
22.09.2021;3.077,76;2.769,40;3.087,92;2.740,58;677,62K;11,31%
21.09.2021;2.765,14;2.978,16;3.100,93;2.662,50;971,49K;-7,08%
20.09.2021;2.975,90;3.334,06;3.343,83;2.933,47;917,82K;-10,59%
19.09.2021;3.328,23;3.435,60;3.455,36;3.281,91;312,95K;-3,14%
18.09.2021;3.436,22;3.401,18;3.539,57;3.371,10;315,12K;1,11%
17.09.2021;3.398,38;3.567,89;3.593,31;3.352,78;398,88K;-4,75%
16.09.2021;3.567,68;3.614,51;3.672,93;3.488,03;468,16K;-1,21%
15.09.2021;3.611,32;3.433,88;3.611,32;3.360,48;428,77K;5,26%
14.09.2021;3.430,91;3.285,83;3.430,91;3.270,69;373,34K;4,44%
13.09.2021;3.285,09;3.401,16;3.428,87;3.117,75;647,87K;-3,60%
12.09.2021;3.407,90;3.261,32;3.471,71;3.231,40;408,86K;4,30%
11.09.2021;3.267,27;3.211,33;3.345,00;3.202,83;413,63K;1,76%
10.09.2021;3.210,63;3.421,42;3.512,49;3.155,60;633,01K;-6,20%
09.09.2021;3.422,99;3.497,93;3.564,31;3.395,09;628,54K;-2,18%
08.09.2021;3.499,27;3.436,28;3.558,99;3.215,32;780,72K;2,25%
07.09.2021;3.422,38;3.926,66;3.945,67;3.029,27;1,20M;-12,86%
06.09.2021;3.927,43;3.950,29;3.968,00;3.866,73;397,78K;-0,59%
05.09.2021;3.950,91;3.886,77;3.979,00;3.835,01;365,75K;1,70%
04.09.2021;3.885,00;3.938,54;3.968,68;3.832,52;364,58K;-1,27%
03.09.2021;3.934,83;3.785,63;4.025,06;3.716,75;655,82K;3,93%
02.09.2021;3.786,14;3.826,43;3.833,42;3.722,78;525,42K;-1,30%
01.09.2021;3.835,96;3.424,29;3.840,00;3.384,89;845,43K;11,85%
31.08.2021;3.429,45;3.229,05;3.468,60;3.191,48;863,10K;6,22%
30.08.2021;3.228,54;3.223,36;3.346,21;3.145,69;625,34K;0,21%
29.08.2021;3.221,81;3.244,64;3.281,27;3.156,24;335,83K;-0,68%
28.08.2021;3.244,01;3.273,88;3.284,73;3.212,53;262,35K;-0,90%
27.08.2021;3.273,57;3.095,81;3.279,99;3.061,79;451,38K;5,86%
26.08.2021;3.092,48;3.227,26;3.249,50;3.055,01;441,86K;-4,21%
25.08.2021;3.228,40;3.170,02;3.247,63;3.080,42;483,75K;1,73%
24.08.2021;3.173,35;3.324,58;3.357,83;3.150,40;540,54K;-4,50%
23.08.2021;3.323,05;3.232,53;3.375,02;3.231,63;602,09K;2,62%
22.08.2021;3.238,08;3.224,07;3.271,96;3.128,01;406,49K;0,44%
21.08.2021;3.223,91;3.285,12;3.307,33;3.200,19;421,17K;-1,82%
20.08.2021;3.283,51;3.182,60;3.299,87;3.176,85;19,54K;3,17%
19.08.2021;3.182,59;3.016,58;3.187,21;2.960,64;36,29K;5,54%
18.08.2021;3.015,62;3.011,54;3.123,48;2.951,66;42,91K;0,11%
17.08.2021;3.012,34;3.146,81;3.290,36;2.993,10;44,72K;-4,27%
16.08.2021;3.146,57;3.308,16;3.334,21;3.134,38;29,12K;-4,89%
15.08.2021;3.308,41;3.264,15;3.319,27;3.112,92;27,73K;1,35%
14.08.2021;3.264,44;3.321,78;3.329,95;3.206,12;24,14K;-1,73%
13.08.2021;3.321,78;3.047,01;3.325,25;3.034,71;26,72K;9,02%
12.08.2021;3.047,01;3.161,85;3.237,89;2.980,41;36,06K;-3,66%
11.08.2021;3.162,71;3.139,69;3.273,26;3.121,62;25,96K;0,74%
10.08.2021;3.139,33;3.161,37;3.230,45;3.053,51;29,07K;-0,72%
09.08.2021;3.162,05;3.011,23;3.185,37;2.895,64;34,54K;4,92%
08.08.2021;3.013,69;3.159,32;3.188,54;2.950,07;31,46K;-4,61%
07.08.2021;3.159,39;2.891,41;3.169,51;2.865,78;30,26K;9,30%
06.08.2021;2.890,62;2.827,52;2.946,43;2.721,55;28,59K;2,23%
05.08.2021;2.827,52;2.724,86;2.843,32;2.531,58;39,57K;3,75%
04.08.2021;2.725,33;2.508,60;2.768,77;2.459,27;29,03K;8,65%
03.08.2021;2.508,37;2.606,99;2.631,40;2.445,57;35,31K;-3,78%
02.08.2021;2.606,99;2.555,13;2.664,82;2.508,70;35,57K;2,04%
01.08.2021;2.554,78;2.531,41;2.696,68;2.512,20;41,80K;1,03%
31.07.2021;2.528,85;2.459,61;2.552,09;2.421,11;22,78K;2,74%
30.07.2021;2.461,33;2.382,51;2.469,43;2.316,75;35,78K;3,32%
29.07.2021;2.382,29;2.299,52;2.399,15;2.266,72;28,51K;3,60%
28.07.2021;2.299,52;2.300,35;2.344,70;2.244,23;40,42K;-0,08%
27.07.2021;2.301,45;2.228,33;2.318,00;2.152,76;44,82K;3,30%
26.07.2021;2.227,96;2.189,61;2.430,64;2.172,88;56,00K;1,71%
25.07.2021;2.190,59;2.176,17;2.195,25;2.108,72;27,20K;1,83%
24.07.2021;2.151,19;2.125,35;2.166,87;2.106,02;30,27K;1,25%
23.07.2021;2.124,65;2.025,27;2.129,44;1.998,37;32,41K;4,92%
22.07.2021;2.025,07;1.994,28;2.044,38;1.950,33;41,89K;1,54%
21.07.2021;1.994,26;1.785,64;2.031,41;1.757,14;53,35K;11,72%
20.07.2021;1.785,08;1.818,42;1.840,14;1.719,48;47,09K;-1,83%
19.07.2021;1.818,36;1.890,89;1.916,45;1.806,53;31,02K;-3,84%
18.07.2021;1.891,04;1.898,35;1.991,67;1.879,70;29,93K;-0,43%
17.07.2021;1.899,28;1.876,51;1.917,64;1.849,44;33,07K;1,21%
16.07.2021;1.876,52;1.918,88;1.963,96;1.850,48;34,82K;-2,14%
15.07.2021;1.917,52;1.994,86;2.038,91;1.883,04;40,16K;-3,87%
14.07.2021;1.994,73;1.940,59;2.017,67;1.865,58;37,38K;2,77%
13.07.2021;1.940,99;2.031,35;2.043,39;1.918,67;35,89K;-4,49%
12.07.2021;2.032,26;2.141,93;2.166,87;2.008,94;26,09K;-5,05%
11.07.2021;2.140,43;2.110,69;2.172,80;2.082,46;22,42K;1,42%
10.07.2021;2.110,48;2.146,33;2.191,01;2.076,51;33,41K;-1,67%
09.07.2021;2.146,33;2.113,33;2.187,09;2.049,32;49,42K;1,51%
08.07.2021;2.114,50;2.316,17;2.324,11;2.087,34;57,68K;-8,74%
07.07.2021;2.317,13;2.321,40;2.396,83;2.308,63;42,72K;0,29%
06.07.2021;2.310,43;2.196,90;2.337,41;2.196,90;85,00K;5,22%
05.07.2021;2.195,73;2.321,43;2.321,43;2.195,73;75,18K;-5,40%
04.07.2021;2.321,00;2.325,37;2.353,06;2.321,00;41,83K;4,40%
03.07.2021;2.223,15;2.154,60;2.230,95;2.154,60;55,32K;3,18%
02.07.2021;2.154,60;2.107,92;2.154,60;2.047,51;104,04K;2,19%
01.07.2021;2.108,34;2.274,99;2.274,99;2.108,34;106,44K;-7,33%
30.06.2021;2.274,99;2.164,88;2.274,99;2.159,56;101,79K;5,13%
29.06.2021;2.163,91;2.084,40;2.163,91;2.084,40;88,28K;3,80%
28.06.2021;2.084,60;1.981,71;2.084,60;1.981,71;81,78K;5,26%
27.06.2021;1.980,35;1.830,73;1.980,35;1.826,90;66,22K;8,17%
26.06.2021;1.830,86;1.811,22;1.830,86;1.765,13;118,69K;1,08%
25.06.2021;1.811,23;1.989,68;1.989,68;1.811,23;122,15K;-8,97%
24.06.2021;1.989,62;1.968,12;1.989,62;1.944,34;79,90K;1,11%
23.06.2021;1.967,83;1.877,58;1.999,17;1.877,58;120,53K;4,81%
22.06.2021;1.877,48;1.885,13;1.885,13;1.769,29;219,74K;-0,46%
21.06.2021;1.886,25;2.245,58;2.245,58;1.886,25;219,79K;-15,92%
20.06.2021;2.243,42;2.164,72;2.243,42;2.091,96;72,42K;3,60%
19.06.2021;2.165,40;2.234,13;2.249,26;2.165,40;47,58K;-3,04%
18.06.2021;2.233,37;2.372,86;2.372,86;2.233,37;63,01K;-5,86%
17.06.2021;2.372,28;2.368,17;2.440,23;2.368,17;39,81K;0,17%
16.06.2021;2.368,17;2.544,13;2.544,13;2.368,17;50,05K;-6,90%
15.06.2021;2.543,82;2.580,81;2.583,29;2.543,82;37,46K;-1,46%
14.06.2021;2.581,43;2.508,92;2.581,43;2.479,98;47,93K;2,93%
13.06.2021;2.507,86;2.369,70;2.507,86;2.369,70;57,54K;5,87%
12.06.2021;2.368,74;2.354,02;2.368,88;2.290,57;70,64K;0,63%
11.06.2021;2.353,84;2.469,52;2.474,57;2.353,84;57,76K;-4,67%
10.06.2021;2.469,08;2.609,93;2.609,93;2.469,08;61,47K;-5,42%
09.06.2021;2.610,65;2.507,15;2.610,65;2.461,43;99,98K;4,13%
08.06.2021;2.507,15;2.591,92;2.591,92;2.484,32;142,73K;-3,35%
07.06.2021;2.593,95;2.712,67;2.775,62;2.593,95;72,95K;-4,37%
06.06.2021;2.712,42;2.628,13;2.712,42;2.628,13;52,98K;3,18%
05.06.2021;2.628,85;2.688,37;2.742,88;2.622,22;86,78K;-2,17%
04.06.2021;2.687,05;2.857,02;2.857,02;2.638,18;109,86K;-5,94%
03.06.2021;2.856,64;2.705,24;2.856,64;2.704,66;71,74K;5,56%
02.06.2021;2.706,19;2.633,79;2.706,19;2.633,79;85,46K;2,77%
01.06.2021;2.633,30;2.706,16;2.730,19;2.568,20;213,03K;-2,69%
31.05.2021;2.706,12;2.385,90;2.706,12;2.357,89;236,45K;13,38%
30.05.2021;2.386,68;2.279,18;2.429,09;2.279,18;255,09K;4,76%
29.05.2021;2.278,15;2.411,65;2.411,65;2.278,15;382,42K;-5,53%
28.05.2021;2.411,45;2.739,73;2.739,73;2.350,81;347,63K;-12,01%
27.05.2021;2.740,74;2.884,17;2.884,17;2.740,74;248,93K;-4,97%
26.05.2021;2.884,17;2.704,67;2.884,17;2.704,67;319,42K;6,63%
25.05.2021;2.704,90;2.648,50;2.704,90;2.575,49;503,18K;2,13%
24.05.2021;2.648,50;2.097,31;2.648,50;2.097,31;566,34K;26,46%
23.05.2021;2.094,28;2.294,41;2.319,10;2.014,34;891,86K;-8,68%
22.05.2021;2.293,37;2.431,09;2.468,35;2.293,37;599,06K;-5,67%
21.05.2021;2.431,17;2.767,88;2.857,54;2.431,17;643,22K;-12,16%
20.05.2021;2.767,66;2.445,08;2.767,66;2.445,08;582,27K;13,63%
19.05.2021;2.435,65;3.376,01;3.421,00;2.435,65;730,14K;-27,86%
18.05.2021;3.376,30;3.282,72;3.512,56;3.282,72;198,00K;2,97%
17.05.2021;3.278,92;3.580,24;3.580,24;3.227,97;272,61K;-8,40%
16.05.2021;3.579,78;3.645,65;3.831,95;3.579,78;162,02K;-1,79%
15.05.2021;3.645,15;4.073,04;4.073,04;3.645,15;140,08K;-10,50%
14.05.2021;4.072,79;3.717,66;4.111,94;3.717,66;106,07K;9,55%
13.05.2021;3.717,66;3.816,58;3.925,90;3.717,66;225,05K;-2,72%
12.05.2021;3.821,67;4.173,86;4.352,11;3.821,67;130,89K;-8,44%
11.05.2021;4.173,78;3.947,65;4.173,78;3.907,23;98,00K;5,66%
10.05.2021;3.950,03;3.923,75;4.128,97;3.923,75;107,03K;0,71%
09.05.2021;3.922,13;3.907,53;3.956,62;3.906,80;78,60K;0,37%
08.05.2021;3.907,53;3.478,99;3.907,53;3.478,99;69,92K;12,32%
07.05.2021;3.478,99;3.489,60;3.523,74;3.384,23;70,41K;-0,26%
06.05.2021;3.488,07;3.524,00;3.524,00;3.461,01;76,65K;-1,03%
05.05.2021;3.524,26;3.267,94;3.524,26;3.267,94;122,89K;9,00%
04.05.2021;3.233,36;3.430,50;3.453,21;3.233,36;157,73K;-5,67%
03.05.2021;3.427,54;2.952,01;3.427,54;2.952,01;85,44K;16,11%
02.05.2021;2.952,01;2.944,09;2.952,01;2.912,03;49,94K;0,27%
01.05.2021;2.944,09;2.772,18;2.944,09;2.772,18;55,50K;6,21%
30.04.2021;2.771,94;2.755,60;2.771,94;2.734,70;59,04K;0,59%
29.04.2021;2.755,61;2.747,14;2.755,61;2.716,59;80,69K;0,30%
28.04.2021;2.747,41;2.664,91;2.747,41;2.659,98;118,76K;3,16%
27.04.2021;2.663,30;2.532,25;2.663,30;2.532,25;92,01K;5,14%
26.04.2021;2.533,18;2.319,16;2.533,18;2.319,16;150,16K;9,23%
25.04.2021;2.319,16;2.215,03;2.319,16;2.215,03;161,52K;4,84%
24.04.2021;2.212,13;2.367,72;2.367,72;2.212,13;194,30K;-6,57%
23.04.2021;2.367,57;2.399,62;2.399,62;2.293,80;377,15K;-1,43%
22.04.2021;2.401,94;2.357,29;2.583,38;2.357,29;270,78K;1,89%
21.04.2021;2.357,29;2.330,22;2.426,31;2.307,00;169,59K;1,16%
20.04.2021;2.330,22;2.161,03;2.330,22;2.139,04;198,46K;7,89%
19.04.2021;2.159,74;2.235,98;2.262,50;2.124,61;136,33K;-3,47%
18.04.2021;2.237,31;2.316,56;2.316,56;2.138,98;265,20K;-3,40%
17.04.2021;2.315,96;2.422,08;2.422,08;2.315,96;72,13K;-4,38%
16.04.2021;2.422,01;2.514,45;2.514,45;2.422,01;123,53K;-3,67%
15.04.2021;2.514,30;2.432,88;2.514,30;2.432,88;69,22K;3,35%
14.04.2021;2.432,88;2.299,47;2.432,88;2.299,47;115,17K;5,80%
13.04.2021;2.299,40;2.136,59;2.299,40;2.136,59;77,78K;7,62%
12.04.2021;2.136,59;2.144,55;2.144,86;2.136,59;60,88K;-0,33%
11.04.2021;2.143,63;2.126,89;2.143,63;2.126,89;23,81K;0,86%
10.04.2021;2.125,43;2.062,70;2.169,46;2.062,70;15,90K;3,04%
09.04.2021;2.062,70;2.078,47;2.092,29;2.062,70;9,95K;-0,76%
08.04.2021;2.078,45;1.961,75;2.078,45;1.961,75;18,42K;5,99%
07.04.2021;1.961,01;2.113,48;2.113,48;1.961,01;36,36K;-7,20%
06.04.2021;2.113,19;2.104,78;2.113,19;2.072,31;20,02K;0,37%
05.04.2021;2.105,36;2.074,79;2.111,85;2.015,68;21,79K;1,47%
04.04.2021;2.074,79;2.007,82;2.074,79;2.007,82;20,17K;3,33%
03.04.2021;2.007,98;2.133,62;2.133,62;2.007,98;29,54K;-5,90%
02.04.2021;2.133,99;1.967,42;2.133,99;1.967,42;23,86K;8,47%
01.04.2021;1.967,33;1.920,69;1.967,33;1.909,88;23,96K;2,56%
31.03.2021;1.918,24;1.841,40;1.918,24;1.815,51;28,97K;4,18%
30.03.2021;1.841,29;1.816,66;1.841,29;1.795,44;13,17K;1,38%
29.03.2021;1.816,19;1.687,90;1.816,19;1.687,90;17,01K;7,64%
28.03.2021;1.687,27;1.711,85;1.712,81;1.687,27;12,72K;-1,44%
27.03.2021;1.711,84;1.698,95;1.711,84;1.681,15;15,59K;0,76%
26.03.2021;1.698,95;1.587,86;1.698,95;1.587,86;16,47K;7,00%
25.03.2021;1.587,86;1.586,13;1.619,02;1.579,73;27,95K;0,12%
24.03.2021;1.585,97;1.668,78;1.695,74;1.558,99;27,34K;-4,96%
23.03.2021;1.668,77;1.682,86;1.700,43;1.665,81;21,87K;-0,85%
22.03.2021;1.683,07;1.783,10;1.784,54;1.683,07;21,78K;-5,62%
21.03.2021;1.783,34;1.805,54;1.805,54;1.767,43;16,05K;-1,21%
20.03.2021;1.805,25;1.807,99;1.829,85;1.805,25;13,76K;-0,15%
19.03.2021;1.807,90;1.777,75;1.808,76;1.777,75;15,52K;1,70%
18.03.2021;1.777,75;1.823,19;1.828,74;1.777,75;18,46K;-2,47%
17.03.2021;1.822,78;1.806,61;1.822,78;1.764,40;26,02K;0,95%
16.03.2021;1.805,66;1.793,78;1.805,66;1.725,16;33,53K;0,70%
15.03.2021;1.793,09;1.849,13;1.849,13;1.778,77;38,65K;-3,03%
14.03.2021;1.849,13;1.922,48;1.922,48;1.849,13;25,13K;-3,80%
13.03.2021;1.922,10;1.765,93;1.922,10;1.765,93;24,92K;8,84%
12.03.2021;1.765,93;1.823,82;1.823,82;1.755,10;33,17K;-3,16%
11.03.2021;1.823,61;1.794,88;1.823,61;1.788,97;41,29K;1,62%
10.03.2021;1.794,51;1.869,88;1.869,88;1.772,25;41,00K;-3,99%
09.03.2021;1.869,16;1.835,91;1.869,16;1.814,00;31,72K;1,99%
08.03.2021;1.832,76;1.727,86;1.832,76;1.696,88;48,02K;6,23%
07.03.2021;1.725,31;1.652,04;1.725,31;1.652,04;36,75K;4,61%
06.03.2021;1.649,23;1.528,55;1.649,23;1.528,55;39,78K;7,95%
05.03.2021;1.527,82;1.539,58;1.539,58;1.459,25;58,91K;-0,70%
04.03.2021;1.538,58;1.567,76;1.572,83;1.538,58;57,77K;-1,88%
03.03.2021;1.568,08;1.485,66;1.609,57;1.485,66;37,54K;5,49%
02.03.2021;1.486,50;1.570,46;1.570,46;1.458,62;46,43K;-5,31%
01.03.2021;1.569,79;1.418,28;1.569,79;1.418,28;46,55K;10,69%
28.02.2021;1.418,23;1.457,94;1.457,94;1.353,89;84,53K;-2,74%
27.02.2021;1.458,20;1.446,13;1.486,49;1.446,13;45,80K;0,90%
26.02.2021;1.445,20;1.482,26;1.482,26;1.444,13;75,85K;-2,30%
25.02.2021;1.479,25;1.622,89;1.622,89;1.479,25;47,22K;-8,89%
24.02.2021;1.623,51;1.577,40;1.697,74;1.565,86;64,14K;2,89%
23.02.2021;1.577,89;1.777,19;1.777,19;1.509,28;130,47K;-11,21%
22.02.2021;1.777,10;1.934,82;1.934,82;1.777,10;54,58K;-8,10%
21.02.2021;1.933,78;1.915,74;1.956,64;1.915,74;17,14K;0,94%
20.02.2021;1.915,74;1.957,69;2.012,66;1.915,74;21,21K;-2,02%
19.02.2021;1.955,16;1.938,61;1.955,16;1.915,69;9,34K;0,92%
18.02.2021;1.937,25;1.851,65;1.937,25;1.851,65;8,64K;4,86%
17.02.2021;1.847,48;1.781,83;1.847,48;1.765,68;9,76K;3,64%
16.02.2021;1.782,57;1.779,81;1.788,57;1.779,81;20,06K;0,16%
15.02.2021;1.779,72;1.800,69;1.807,74;1.779,72;22,44K;-1,16%
14.02.2021;1.800,69;1.815,05;1.840,23;1.800,69;10,66K;-0,77%
13.02.2021;1.814,61;1.838,63;1.849,83;1.807,44;16,66K;-1,33%
12.02.2021;1.839,14;1.785,73;1.839,14;1.762,38;13,64K;3,03%
11.02.2021;1.785,00;1.741,66;1.792,87;1.741,66;22,44K;2,53%
10.02.2021;1.740,96;1.769,56;1.801,82;1.740,96;29,42K;-1,61%
09.02.2021;1.769,41;1.748,86;1.769,41;1.748,86;29,05K;1,18%
08.02.2021;1.748,86;1.612,28;1.748,86;1.612,28;32,34K;8,50%
07.02.2021;1.611,83;1.677,70;1.677,70;1.575,94;32,23K;-3,89%
06.02.2021;1.677,06;1.719,59;1.719,59;1.658,99;18,63K;-2,49%
05.02.2021;1.719,84;1.595,22;1.735,11;1.595,22;24,42K;7,81%
04.02.2021;1.595,22;1.662,39;1.662,39;1.595,22;39,27K;-4,04%
03.02.2021;1.662,39;1.512,26;1.662,39;1.512,26;30,56K;10,01%
02.02.2021;1.511,11;1.373,33;1.511,11;1.373,33;48,87K;10,05%
01.02.2021;1.373,07;1.313,12;1.373,07;1.313,12;28,43K;4,58%
31.01.2021;1.312,93;1.375,97;1.375,97;1.312,93;22,42K;-4,58%
30.01.2021;1.375,95;1.378,77;1.378,77;1.349,55;36,64K;-0,21%
29.01.2021;1.378,79;1.328,09;1.415,69;1.321,51;71,27K;3,82%
28.01.2021;1.328,12;1.238,18;1.328,12;1.238,18;39,26K;6,99%
27.01.2021;1.241,35;1.365,52;1.365,52;1.241,35;75,75K;-9,09%
26.01.2021;1.365,52;1.319,49;1.365,52;1.319,49;61,07K;3,52%
25.01.2021;1.319,14;1.390,67;1.408,39;1.319,14;59,20K;-5,13%
24.01.2021;1.390,43;1.233,22;1.390,43;1.233,22;35,86K;12,75%
23.01.2021;1.233,22;1.233,23;1.259,55;1.233,22;43,02K;-0,07%
22.01.2021;1.234,08;1.111,66;1.234,08;1.110,07;114,68K;11,13%
21.01.2021;1.110,48;1.377,50;1.377,50;1.110,48;139,43K;-19,38%
20.01.2021;1.377,50;1.368,05;1.389,97;1.316,33;101,38K;0,63%
19.01.2021;1.368,90;1.257,91;1.383,75;1.257,91;104,46K;8,82%
18.01.2021;1.257,91;1.232,88;1.257,91;1.225,65;81,27K;1,98%
17.01.2021;1.233,54;1.228,50;1.233,54;1.183,11;145,53K;0,41%
16.01.2021;1.228,51;1.168,81;1.267,39;1.168,81;159,59K;5,11%
15.01.2021;1.168,81;1.232,34;1.232,34;1.168,81;237,73K;-5,22%
14.01.2021;1.233,17;1.010,59;1.233,17;1.010,59;127,91K;22,02%
13.01.2021;1.010,59;1.050,54;1.066,96;1.010,59;49,79K;-3,75%
12.01.2021;1.050,01;1.086,75;1.117,60;1.050,01;100,61K;-3,55%
11.01.2021;1.088,71;1.255,39;1.255,39;984,99;87,80K;-13,32%
10.01.2021;1.256,08;1.333,96;1.339,14;1.256,08;68,07K;4,48%
06.01.2021;1.202,23;1.099,95;1.202,23;1.099,95;105,94K;9,31%
05.01.2021;1.099,82;1.042,01;1.099,82;1.008,63;126,33K;5,42%
04.01.2021;1.043,28;977,56;1.043,28;937,88;133,86K;6,70%
03.01.2021;977,8;774,56;977,8;774,56;121,09K;26,24%
02.01.2021;774,55;729,15;779,01;729,15;98,63K;6,23%
01.01.2021;729,15;736,15;739,32;728,35;73,41K;-0,90%
31.12.2020;735,81;752,01;752,01;731,6;95,14K;-2,16%
30.12.2020;752,03;731,72;752,03;722,24;167,91K;2,78%
29.12.2020;731,72;729,91;731,72;713,72;182,64K;0,18%
28.12.2020;730,41;684,56;744,07;684,56;264,01K;6,68%
27.12.2020;684,66;636,67;693,99;636,67;190,89K;7,58%
26.12.2020;636,44;626,71;647,61;624,16;160,50K;1,55%
25.12.2020;626,73;612,6;626,73;612,6;137,29K;2,31%
24.12.2020;612,6;585,49;612,6;575,67;145,43K;4,64%
23.12.2020;585,41;637,1;637,1;585,41;114,11K;-8,13%
22.12.2020;637,21;608,25;637,21;598,92;150,23K;4,76%
21.12.2020;608,25;638,51;646,42;608,25;130,12K;-4,74%
20.12.2020;638,51;658,28;658,28;638,51;174,73K;-3,00%
19.12.2020;658,28;653,77;664,91;649,5;188,42K;0,69%
18.12.2020;653,77;643,19;653,77;634,75;241,20K;1,61%
17.12.2020;643,42;637,4;665,4;637,4;277,90K;0,92%
16.12.2020;637,55;588,79;637,55;584,9;208,36K;8,28%
15.12.2020;588,79;586,28;588,79;582,39;167,40K;0,42%
14.12.2020;586,31;590,94;590,94;583,83;182,56K;-0,81%
13.12.2020;591,1;568;591,1;565,22;230,82K;4,09%
12.12.2020;567,9;544,19;567,9;544,19;112,41K;4,40%
11.12.2020;543,94;558,7;558,7;541,28;266,21K;-2,59%
10.12.2020;558,42;573,57;573,57;558,42;258,54K;-2,64%
09.12.2020;573,54;554,94;573,54;548,55;285,16K;3,32%
08.12.2020;555,08;591,32;591,32;555,08;246,77K;-6,13%
07.12.2020;591,32;601,71;601,71;591,32;165,04K;-1,68%
06.12.2020;601,41;596,44;603,27;592,99;192,38K;0,83%
05.12.2020;596,44;567,83;596,44;567,83;224,88K;5,07%
04.12.2020;567,68;615,95;617,68;567,68;166,24K;-7,84%
03.12.2020;615,95;597,88;615,95;597,88;70,23K;3,00%
02.12.2020;598,03;585,6;598,03;585,6;194,81K;2,16%
01.12.2020;585,41;615,96;615,96;585,41;281,82K;-4,96%
30.11.2020;615,96;575,66;615,96;575,66;318,32K;7,05%
29.11.2020;575,41;536,19;575,41;536,19;268,21K;7,00%
28.11.2020;537,74;518,34;540,07;513,59;238,25K;4,08%
27.11.2020;516,68;519,4;519,4;506,55;247,96K;-0,52%
26.11.2020;519,4;570,02;570,02;501,45;310,74K;-8,88%
25.11.2020;570,02;604,89;604,89;566,52;210,79K;-5,76%
24.11.2020;604,89;609,08;617,89;595,49;216,27K;-0,69%
23.11.2020;609,08;560,39;609,08;560,39;371,19K;8,71%
22.11.2020;560,29;552,59;560,29;524,28;373,98K;1,46%
21.11.2020;552,23;510,02;552,23;510,02;354,65K;8,25%
20.11.2020;510,14;471,1;511,65;471,1;405,19K;8,30%
19.11.2020;471,06;478,33;478,33;468,17;249,21K;-1,52%
18.11.2020;478,33;482,14;482,14;473,98;326,85K;-0,79%
17.11.2020;482,14;460,46;482,14;460,46;312,32K;4,73%
16.11.2020;460,35;448,17;460,35;448,17;275,63K;2,72%
15.11.2020;448,17;461,19;461,19;443,72;248,87K;-2,93%
12.11.2020;461,67;463,19;463,19;458,37;279,49K;-0,33%
11.11.2020;463,19;450,31;463,25;450,31;337,26K;2,86%
10.11.2020;450,32;444,45;452,16;444,45;313,61K;1,39%
09.11.2020;444,14;454,6;455,99;444,14;303,64K;-2,30%
08.11.2020;454,6;435,05;454,6;435,05;331,09K;4,49%
07.11.2020;435,05;455,83;462,24;435,05;430,85K;-4,53%
06.11.2020;455,71;416,77;455,71;416,77;454,44K;9,37%
05.11.2020;416,67;402,35;416,97;398,24;368,74K;3,60%
04.11.2020;402,17;387,8;402,17;380,83;305,15K;3,71%
03.11.2020;387,8;383,07;387,8;382,88;285,76K;1,21%
02.11.2020;383,15;396,52;397,53;383,15;383,59K;-3,37%
01.11.2020;396,52;386,36;396,52;386,36;200,40K;2,59%
31.10.2020;386,52;382,53;386,52;382,53;242,63K;1,07%
30.10.2020;382,4;387,15;387,15;382,4;324,52K;-1,23%
29.10.2020;387,16;388,3;390,27;387,16;336,25K;-0,32%
28.10.2020;388,39;403,45;407,25;384,79;365,37K;-3,73%
27.10.2020;403,45;392,77;403,45;392,77;329,51K;2,72%
26.10.2020;392,76;406;408,3;392,76;342,75K;-3,26%
25.10.2020;406,01;412,16;412,16;406,01;211,67K;-1,49%
24.10.2020;412,17;409,11;412,85;409,11;227,57K;0,73%
23.10.2020;409,2;414,02;415,37;409,2;336,93K;-1,15%
22.10.2020;413,94;390,5;416,94;390,5;506,43K;5,92%
21.10.2020;390,8;368,56;390,8;368,56;476,21K;6,03%
20.10.2020;368,56;379,33;379,33;368,56;349,14K;-2,83%
19.10.2020;379,3;378,02;379,71;373,6;281,10K;0,34%
18.10.2020;378,02;368,4;378,02;368,4;204,80K;2,58%
17.10.2020;368,51;365,49;368,51;365,49;201,05K;0,85%
16.10.2020;365,41;377,7;377,7;365,41;328,67K;-3,25%
15.10.2020;377,67;378,7;378,7;376,77;370,04K;-0,27%
14.10.2020;378,7;381,24;382,14;375,9;338,00K;-0,66%
13.10.2020;381,24;386,45;386,45;379,87;361,53K;-1,35%
12.10.2020;386,45;374,21;386,45;374,21;348,84K;3,28%
11.10.2020;374,16;370,68;374,16;370,28;219,07K;0,94%
10.10.2020;370,68;364,98;373,49;364,98;309,12K;1,54%
09.10.2020;365,06;350,89;366,8;349,59;305,95K;4,06%
08.10.2020;350,8;341,66;351,64;339,38;263,32K;2,69%
07.10.2020;341,61;341,04;341,81;337,42;253,82K;0,17%
06.10.2020;341,04;353,54;353,54;341,04;244,79K;-3,49%
05.10.2020;353,37;352,36;353,37;350,86;203,34K;0,29%
04.10.2020;352,36;345,9;352,36;345,9;192,77K;1,87%
03.10.2020;345,9;345,58;346,85;345,58;195,55K;0,09%
02.10.2020;345,58;352,51;352,51;339,15;377,82K;-2,12%
01.10.2020;353,05;359,65;367,63;352,3;305,55K;-1,87%
30.09.2020;359,78;359,81;359,81;355,27;224,03K;-0,01%
29.09.2020;359,82;353,99;359,82;353,35;263,45K;1,68%
28.09.2020;353,89;357,73;364,43;353,89;288,03K;-1,00%
27.09.2020;357,48;353,95;360,74;351,44;331,55K;0,99%
26.09.2020;353,96;351,86;353,96;351,2;370,79K;0,60%
25.09.2020;351,86;349,19;354,08;343,51;299,88K;0,76%
24.09.2020;349,19;320,54;349,19;320,54;305,79K;9,09%
23.09.2020;320,1;344,25;344,25;320,1;299,25K;-7,00%
22.09.2020;344,2;340,19;344,2;340,19;300,95K;1,20%
21.09.2020;340,13;371,06;374,39;340,13;419,43K;-8,34%
20.09.2020;371,06;385,15;385,15;368,18;249,11K;-3,66%
19.09.2020;385,17;384,23;385,59;383,35;202,99K;0,25%
18.09.2020;384,23;389,42;389,42;384,23;382,65K;-1,32%
17.09.2020;389,36;365,04;392,6;365,04;625,96K;6,71%
16.09.2020;364,87;364,11;365,76;359,88;402,13K;0,21%
15.09.2020;364,1;377,17;378,08;364,1;362,35K;-3,45%
14.09.2020;377,13;366,29;377,13;365,63;438,77K;3,00%
13.09.2020;366,14;387,84;387,84;366,14;411,44K;-5,64%
12.09.2020;388,01;373,55;388,01;367,63;312,16K;3,87%
11.09.2020;373,56;367,92;373,56;357,45;391,26K;1,53%
10.09.2020;367,92;350,78;373,31;350,78;559,86K;4,88%
09.09.2020;350,81;337,38;354,15;335,4;420,55K;3,91%
08.09.2020;337,61;353,78;353,78;336,88;463,93K;-4,51%
07.09.2020;353,53;352,7;355,8;327,61;492,65K;0,25%
06.09.2020;352,65;335,18;352,65;335,18;628,06K;5,23%
05.09.2020;335,11;385,48;386,61;335,11;608,03K;-13,07%
04.09.2020;385,47;381,42;385,47;381,42;440,32K;1,11%
03.09.2020;381,25;439,47;443,15;381,25;573,83K;-13,30%
02.09.2020;439,75;475,94;475,94;436,34;611,64K;-7,61%
01.09.2020;475,95;434,06;475,95;434,06;620,43K;9,65%
31.08.2020;434,06;428,82;434,06;423,67;480,03K;1,23%
30.08.2020;428,77;399;428,77;399;396,19K;7,46%
29.08.2020;399;395,1;403,43;395,1;285,79K;0,91%
28.08.2020;395,39;383,22;395,58;381,42;340,61K;3,18%
27.08.2020;383,22;385,77;385,77;383,22;360,92K;-0,68%
26.08.2020;385,85;383;389,74;383;347,66K;0,73%
25.08.2020;383,05;407,74;407,74;383,05;458,98K;-6,09%
24.08.2020;407,9;390,65;407,9;390,65;390,44K;4,43%
23.08.2020;390,58;395,28;395,28;389,66;245,32K;-1,19%
22.08.2020;395,3;388,02;395,3;388,02;351,29K;1,92%
21.08.2020;387,86;415,71;415,71;386,55;349,88K;-6,70%
20.08.2020;415,71;407,33;415,71;407,33;326,75K;2,00%
19.08.2020;407,56;422,01;422,01;405,33;412,24K;-3,43%
18.08.2020;422,02;430,71;432,21;422,02;297,93K;-2,01%
17.08.2020;430,7;433,54;433,54;427,16;318,42K;-0,66%
16.08.2020;433,58;432,21;433,58;419,92;341,72K;0,34%
15.08.2020;432,09;437,87;438,05;432,08;345,49K;-1,32%
14.08.2020;437,87;424,64;442,44;422,46;457,56K;3,19%
13.08.2020;424,35;387,17;424,35;381,92;555,58K;9,64%
12.08.2020;387,04;379,05;387,04;374,26;409,60K;2,11%
11.08.2020;379,05;395,37;395,37;379,05;428,34K;-4,14%
10.08.2020;395,4;390,07;395,4;390,07;343,96K;1,30%
09.08.2020;390,33;396,61;396,61;388,49;335,74K;-1,63%
08.08.2020;396,78;379,33;396,78;378,98;346,29K;4,59%
07.08.2020;379,39;394,8;394,8;378,64;477,95K;-3,90%
06.08.2020;394,79;400,65;400,65;394,79;379,79K;-1,48%
05.08.2020;400,74;389,67;400,83;387,92;458,69K;2,84%
04.08.2020;389,66;385,85;391,89;385,85;560,32K;1,03%
03.08.2020;385,7;372,03;389,73;372,03;575,17K;3,67%
02.08.2020;372,03;387,05;387,13;360,24;678,09K;-3,87%
01.08.2020;386,99;346,37;386,99;346,37;596,74K;11,73%
31.07.2020;346,38;334,7;346,38;334,7;537,32K;3,49%
30.07.2020;334,7;317,65;340,38;316,39;435,59K;5,30%
29.07.2020;317,86;316,77;323,79;315,11;420,32K;0,32%
28.07.2020;316,86;321,94;321,94;313,88;517,36K;-1,56%
27.07.2020;321,88;311,04;325,21;311,04;578,69K;3,48%
26.07.2020;311,04;305,16;316,51;300,83;598,48K;1,92%
25.07.2020;305,18;279,17;305,18;279,17;535,82K;9,35%
24.07.2020;279,08;275,39;281,57;269,68;493,45K;1,35%
23.07.2020;275,36;263,78;275,36;263,66;491,27K;4,39%
22.07.2020;263,78;245,45;263,78;243,3;272,91K;7,47%
21.07.2020;245,45;236,02;245,45;236,02;301,36K;4,00%
20.07.2020;236,01;239;239,07;236,01;170,83K;-1,18%
19.07.2020;238,84;235,72;238,84;233,85;155,19K;1,32%
18.07.2020;235,72;232,8;235,72;232,8;135,87K;1,25%
17.07.2020;232,8;233,68;233,68;232,8;155,26K;-0,37%
16.07.2020;233,66;238,57;238,57;230,5;206,96K;-2,06%
15.07.2020;238,57;240,44;240,44;238,45;143,01K;-0,78%
14.07.2020;240,46;239,72;240,54;238,26;208,87K;0,31%
13.07.2020;239,71;242,8;244,79;239,71;264,57K;-1,18%
12.07.2020;242,57;239,15;242,57;238,48;176,19K;1,44%
11.07.2020;239,13;241,31;241,31;238,82;127,72K;-0,84%
10.07.2020;241,16;242,04;242,04;239,71;180,46K;-0,36%
09.07.2020;242,04;246,84;247,14;240,32;210,24K;-1,95%
08.07.2020;246,84;239,36;246,84;239,36;319,56K;3,13%
07.07.2020;239,36;241,48;242,45;237,38;209,58K;-0,88%
06.07.2020;241,48;227,54;241,48;227,54;377,03K;5,96%
05.07.2020;227,91;229,1;229,65;223,83;192,36K;-0,52%
04.07.2020;229,1;224,96;230,48;224,62;185,04K;1,83%
03.07.2020;224,99;226,47;228,02;224,35;157,26K;-0,64%
02.07.2020;226,44;231;231,98;223,21;253,10K;-1,90%
01.07.2020;230,84;225,59;232,13;224,26;227,70K;2,32%
30.06.2020;225,59;228,01;228,53;223;190,92K;-1,00%
29.06.2020;227,86;224,96;229,85;221,39;237,30K;1,28%
28.06.2020;224,97;220,98;227,75;218,05;225,03K;1,80%
27.06.2020;220,98;229,78;231,22;216,65;226,09K;-3,72%
26.06.2020;229,53;232,58;233,51;228,04;232,71K;-1,31%
25.06.2020;232,58;234,81;235,31;227,78;238,15K;-0,94%
24.06.2020;234,79;242,98;249,05;231,43;423,80K;-3,37%
23.06.2020;242,98;243,23;244,66;240,97;233,28K;-0,10%
22.06.2020;243,23;228,07;246,55;227,72;402,13K;6,64%
21.06.2020;228,09;228,8;231,2;227,35;144,39K;-0,31%
20.06.2020;228,8;229,03;230,76;226,07;135,34K;-0,10%
19.06.2020;229,03;231,39;231,89;226,83;238,35K;-1,02%
18.06.2020;231,39;233,78;234,49;228,11;177,45K;-1,02%
17.06.2020;233,78;235,26;237,11;228,16;248,33K;-0,63%
16.06.2020;235,26;230,82;235,87;228,83;268,66K;1,92%
15.06.2020;230,82;231,83;233,45;218,74;428,60K;-0,44%
14.06.2020;231,82;238,12;238,49;230,09;192,99K;-2,64%
13.06.2020;238,1;237,54;238,55;234,71;163,22K;0,24%
12.06.2020;237,54;230,37;239,25;228,49;313,67K;3,12%
11.06.2020;230,36;247,7;249,81;226,55;420,50K;-7,00%
10.06.2020;247,69;243,74;249,74;241,99;193,30K;1,62%
09.06.2020;243,74;246,34;249,55;239,34;225,96K;-1,05%
08.06.2020;246,34;244,56;247,53;241,07;214,80K;0,72%
07.06.2020;244,57;241,93;244,95;235,12;308,97K;1,05%
06.06.2020;242,03;240,23;244,53;238,06;223,18K;0,74%
05.06.2020;240,24;243,2;247,73;239,42;292,30K;-1,26%
04.06.2020;243,31;244,53;246,54;236,4;240,40K;-0,49%
03.06.2020;244,5;237,77;245,01;233,61;558,77K;2,78%
02.06.2020;237,88;248,28;253,5;225,99;1,06M;-4,05%
01.06.2020;247,92;231,61;249,99;230,75;1,02M;7,00%
31.05.2020;231,69;243,65;245,45;230,18;1,19M;-4,89%
30.05.2020;243,6;221,06;246,74;218,8;1,48M;10,39%
29.05.2020;220,67;220,27;224,56;217,74;983,86K;0,19%
28.05.2020;220,26;208,3;220,52;204,71;846,85K;5,77%
27.05.2020;208,24;200,89;208,34;200,82;673,19K;3,62%
26.05.2020;200,96;204,08;204,98;197;563,31K;-1,54%
25.05.2020;204,09;199,73;205,54;198,24;628,09K;2,22%
24.05.2020;199,67;206,62;210,47;199,67;845,53K;-3,35%
23.05.2020;206,58;207,25;211,06;204,85;644,90K;-0,33%
22.05.2020;207,25;198,76;209,07;196,44;862,43K;4,25%
21.05.2020;198,8;209,98;211,66;192,05;1,01M;-5,32%
20.05.2020;209,96;214,6;215,41;206,69;782,18K;-2,16%
19.05.2020;214,6;214,95;215,76;209,68;837,94K;-0,14%
18.05.2020;214,9;207,01;216,95;207,01;1,09M;3,82%
17.05.2020;206,99;200,47;209,84;199,77;787,15K;3,22%
16.05.2020;200,54;194,74;203,22;193,51;829,93K;2,92%
15.05.2020;194,85;203,3;204,07;192,31;612,77K;-4,19%
14.05.2020;203,36;200,04;205,95;195,8;861,78K;1,90%
13.05.2020;199,57;189,77;200,85;188,55;674,72K;5,15%
12.05.2020;189,79;185,77;192,07;185,6;698,71K;2,18%
11.05.2020;185,74;187,6;193,31;176,43;911,56K;-1,04%
10.05.2020;187,69;210,05;210,05;180,63;1,21M;-10,64%
09.05.2020;210,05;211,43;214,48;208,55;834,16K;-0,63%
08.05.2020;211,37;211,95;216,27;207,17;1,04M;-0,24%
07.05.2020;211,88;198,7;214,65;197,31;1,20M;6,49%
06.05.2020;198,96;205,33;210,57;198,48;957,87K;-3,08%
05.05.2020;205,29;206,53;211,57;201,44;818,14K;-0,62%
04.05.2020;206,59;209,88;210,53;195,01;1,29M;-1,53%
03.05.2020;209,79;214,08;218,88;205,3;928,37K;-1,91%
02.05.2020;213,88;212,01;215,2;210,4;616,73K;0,90%
01.05.2020;211,99;206,38;216,99;206,07;1,20M;2,81%
30.04.2020;206,18;215,4;227,04;202,37;1,68M;-4,25%
29.04.2020;215,34;196,25;218,6;196,25;1,43M;9,59%
28.04.2020;196,5;196,28;197,49;192,35;850,83K;0,11%
27.04.2020;196,28;197,36;198,88;190,16;1,06M;-0,55%
26.04.2020;197,36;194;199,69;192,42;1,09M;1,61%
25.04.2020;194,24;187,61;197,94;185,97;1,17M;3,60%
24.04.2020;187,49;185,54;189,64;183,45;949,02K;1,08%
23.04.2020;185,49;182,74;193,47;178,32;1,62M;1,50%
22.04.2020;182,76;170,76;183,84;169,93;1,67M;7,03%
21.04.2020;170,74;170,27;174,6;168,24;1,49M;0,23%
20.04.2020;170,35;179,98;186,32;167,18;2,21M;-5,38%
19.04.2020;180,04;187,53;188,24;176,21;1,57M;-3,96%
18.04.2020;187,45;170,66;189,38;170,58;1,62M;9,79%
17.04.2020;170,74;172,33;174,81;168,54;1,44M;-0,89%
16.04.2020;172,26;152,6;174,58;148,67;2,08M;12,76%
15.04.2020;152,77;158,45;161,17;152,11;1,28M;-3,62%
14.04.2020;158,51;156,29;161,76;155,48;1,23M;1,42%
13.04.2020;156,29;158,55;158,87;150,12;1,26M;-1,44%
12.04.2020;158,56;158,29;164,76;155,01;1,09M;0,17%
11.04.2020;158,29;157,86;161,1;154;953,81K;0,29%
10.04.2020;157,83;169,63;170,07;152,32;1,56M;-7,01%
09.04.2020;169,74;173,1;173,34;165,74;1,20M;-1,94%
08.04.2020;173,1;164,59;174,39;163,61;1,68M;5,15%
07.04.2020;164,62;171,3;176,07;162,63;2,34M;-3,94%
06.04.2020;171,38;142,64;171,67;142,61;2,22M;20,15%
05.04.2020;142,63;144,13;145,52;140,85;757,45K;-0,98%
04.04.2020;144,05;141,31;146,12;139,02;867,66K;1,91%
03.04.2020;141,35;141,26;146,58;137,9;1,34M;0,03%
02.04.2020;141,32;135,65;149,41;135,1;1,55M;4,22%
01.04.2020;135,6;132,79;136,63;128,76;881,05K;2,10%
31.03.2020;132,8;132,04;134,91;130,43;911,56K;0,60%
30.03.2020;132,01;124,47;135;124,13;1,20M;6,10%
29.03.2020;124,43;130,95;131,73;124;821,78K;-4,94%
28.03.2020;130,89;131,32;132,8;125,05;1,54M;-0,31%
27.03.2020;131,3;138,43;140,99;130,2;1,36M;-5,09%
26.03.2020;138,35;136,15;139,44;133,5;1,40M;1,71%
25.03.2020;136,01;137,89;141,85;132,84;1,19M;-1,36%
24.03.2020;137,89;135,93;143,23;132,58;1,60M;1,37%
23.03.2020;136,03;122,32;137,08;120,08;1,55M;11,06%
22.03.2020;122,48;132,52;136,95;121,21;1,60M;-7,73%
21.03.2020;132,74;133,4;137,36;125,95;1,60M;-0,46%
20.03.2020;133,35;136,32;151,93;117,77;2,32M;-2,24%
19.03.2020;136,41;118,24;142,75;115,51;2,19M;15,51%
18.03.2020;118,1;115,74;118,3;110,06;1,61M;1,88%
17.03.2020;115,92;110,95;120,64;109,43;1,61M;4,49%
16.03.2020;110,94;123,72;124,35;101,3;1,57M;-10,35%
15.03.2020;123,75;122,51;132,87;120,52;1,24M;0,95%
14.03.2020;122,58;134,07;134,57;121,29;1,84M;-8,63%
13.03.2020;134,17;107,72;139,23;91,52;1,75M;24,71%
12.03.2020;107,58;194,62;195,45;101,61;1,92M;-44,70%
11.03.2020;194,55;200,71;203,13;181,97;1,36M;-2,99%
10.03.2020;200,54;202,78;205,99;195,85;1,47M;-1,15%
09.03.2020;202,87;199,45;208,39;190,25;1,69M;1,77%
08.03.2020;199,34;237,23;237,23;196,94;1,58M;-15,96%
07.03.2020;237,21;244,88;251,63;236,26;1,14M;-3,13%
06.03.2020;244,87;228,46;245;227,47;1,11M;7,19%
05.03.2020;228,45;224,29;234;224,29;1,12M;1,83%
04.03.2020;224,34;223,82;228,7;220,57;730,84K;0,19%
03.03.2020;223,92;232,07;232,39;220,19;1,15M;-3,46%
02.03.2020;231,95;217,17;234,32;216,15;1,24M;6,39%
01.03.2020;218,01;217,46;227,59;212,79;1,09M;0,27%
29.02.2020;217,43;226,83;232,91;217,42;1,27M;-4,16%
28.02.2020;226,85;227,88;234,59;214,23;1,51M;-0,39%
27.02.2020;227,75;223,7;238,2;210,25;1,76M;1,66%
26.02.2020;224,03;246,56;250,2;216,22;1,47M;-9,30%
25.02.2020;247;265,58;266,17;245,01;1,10M;-6,97%
24.02.2020;265,51;274,66;276,99;257,88;1,12M;-3,43%
23.02.2020;274,95;261,53;275,49;261,11;938,37K;5,09%
22.02.2020;261,63;265,23;266,6;256,57;597,54K;-1,30%
21.02.2020;265,08;257,04;267,95;253,84;986,51K;2,98%
20.02.2020;257,4;259;264,27;245,68;1,17M;-0,88%
19.02.2020;259,7;282,63;285,36;256,13;841,28K;-8,02%
18.02.2020;282,33;267,67;285,62;259,3;943,66K;5,54%
17.02.2020;267,5;259,01;268,38;242,32;890,97K;3,06%
16.02.2020;259,55;264,97;273,84;237,67;734,45K;-2,00%
15.02.2020;264,85;285,17;288,1;261,99;682,28K;-7,25%
14.02.2020;285,55;268,4;286,54;260,52;815,30K;6,38%
13.02.2020;268,41;265,75;277,65;256,44;838,04K;1,11%
12.02.2020;265,48;236,67;275;236,67;1,02M;12,17%
11.02.2020;236,67;222,84;238,81;218,14;607,20K;6,17%
10.02.2020;222,9;228,6;229,29;216,74;611,32K;-2,50%
09.02.2020;228,61;223,07;230,62;222,92;488,21K;2,45%
08.02.2020;223,15;223,33;227,65;213,69;713,74K;-0,11%
07.02.2020;223,39;213,24;224,65;213,24;720,44K;4,76%
06.02.2020;213,24;203,87;216,26;201,17;587,70K;4,60%
05.02.2020;203,87;188,89;207,76;188,17;539,75K;7,93%
04.02.2020;188,89;189,68;191,61;184,79;334,34K;-0,54%
03.02.2020;189,92;188,46;194,95;186,88;392,66K;0,77%
02.02.2020;188,47;183,61;193,24;179,31;626,39K;2,64%
01.02.2020;183,62;179,95;184,1;179,34;423,80K;2,07%
31.01.2020;179,9;184,58;185,76;175,23;457,63K;-2,54%
30.01.2020;184,58;173,76;186,94;171,11;488,74K;6,21%
29.01.2020;173,79;175,64;178,41;173,51;363,43K;-1,09%
28.01.2020;175,71;170,11;176,1;170,11;361,31K;3,29%
27.01.2020;170,11;167,95;172,07;165,36;386,99K;1,33%
26.01.2020;167,88;160,18;168,03;159,47;249,96K;4,65%
25.01.2020;160,43;162,58;162,74;157,74;177,60K;-1,33%
24.01.2020;162,58;162,89;166,85;155,78;400,39K;-0,19%
23.01.2020;162,89;168,08;168,21;159,48;349,04K;-3,08%
22.01.2020;168,07;169,45;171,31;166,05;268,59K;-0,81%
21.01.2020;169,45;166,89;169,99;165,12;258,22K;1,56%
20.01.2020;166,85;166,97;169,23;161,43;347,06K;-0,07%
19.01.2020;166,97;174,19;177,94;161,79;523,26K;-4,15%
18.01.2020;174,19;169,83;179,45;165,23;631,49K;2,51%
17.01.2020;169,92;164,15;174,26;162,18;619,19K;3,45%
16.01.2020;164,25;166,37;167,37;158,78;622,60K;-1,29%
15.01.2020;166,4;165,78;171,73;159,2;794,69K;0,14%
14.01.2020;166,16;143,51;170,43;143,51;887,85K;15,79%
13.01.2020;143,51;146,46;146,88;142,39;235,34K;-2,01%
12.01.2020;146,46;142,47;146,46;141,85;355,79K;2,75%
11.01.2020;142,53;144,86;147,92;142,12;401,05K;-1,60%
10.01.2020;144,84;137,78;144,93;135,5;389,48K;5,13%
09.01.2020;137,78;140,75;141,49;135,57;479,56K;-2,08%
08.01.2020;140,7;142,9;147,67;137,2;628,03K;-1,54%
07.01.2020;142,9;144,08;145,13;138,9;626,69K;-0,82%
06.01.2020;144,08;135,39;144,37;134,87;700,14K;6,39%
05.01.2020;135,42;134,19;138,15;134,19;509,94K;0,93%
04.01.2020;134,17;134,41;135,76;132,47;368,13K;-0,14%
03.01.2020;134,37;127,07;134,95;125,97;672,31K;5,74%
02.01.2020;127,07;130,68;130,74;126,58;307,51K;-2,79%
01.01.2020;130,71;129,16;132,93;128,74;332,78K;1,20%
