number_of_edges,number_of_nodes,start_time_,end_time_
1,1,2021-06-01 00:00:00,2021-06-02 00:00:00
1,1,2021-09-10 00:00:00,2021-09-11 00:00:00
11,11,2021-11-27 00:00:00,2021-11-28 00:00:00
5,5,2021-11-05 00:00:00,2021-11-06 00:00:00
2,2,2021-11-09 00:00:00,2021-11-10 00:00:00
5,5,2021-12-18 00:00:00,2021-12-19 00:00:00
1,1,2021-10-20 00:00:00,2021-10-21 00:00:00
2,2,2021-11-02 00:00:00,2021-11-03 00:00:00
1,1,2021-12-07 00:00:00,2021-12-08 00:00:00
1,1,2021-11-30 00:00:00,2021-12-01 00:00:00
1,1,2021-07-04 00:00:00,2021-07-05 00:00:00
1,1,2012-10-23 00:00:00,2012-10-24 00:00:00
1,1,2021-12-17 00:00:00,2021-12-18 00:00:00
23,23,2021-12-04 00:00:00,2021-12-05 00:00:00
1,1,2020-12-17 00:00:00,2020-12-18 00:00:00
3,3,2021-11-22 00:00:00,2021-11-23 00:00:00
1,1,2021-08-29 00:00:00,2021-08-30 00:00:00
13413,10779,2021-12-26 00:00:00,2021-12-27 00:00:00
1,1,2021-07-14 00:00:00,2021-07-15 00:00:00
13,13,2021-11-06 00:00:00,2021-11-07 00:00:00
11,11,2021-12-20 00:00:00,2021-12-21 00:00:00
3,3,2021-10-24 00:00:00,2021-10-25 00:00:00
1,1,2020-09-03 00:00:00,2020-09-04 00:00:00
70,52,2021-11-28 00:00:00,2021-11-29 00:00:00
5,5,2021-12-24 00:00:00,2021-12-25 00:00:00
5,5,2021-12-03 00:00:00,2021-12-04 00:00:00
2,2,2021-07-10 00:00:00,2021-07-11 00:00:00
1,1,2021-05-17 00:00:00,2021-05-18 00:00:00
1,1,2021-11-10 00:00:00,2021-11-11 00:00:00
1,1,2021-10-02 00:00:00,2021-10-03 00:00:00
2,2,2021-11-23 00:00:00,2021-11-24 00:00:00
1,1,2021-04-14 00:00:00,2021-04-15 00:00:00
13069,10226,2021-10-31 00:00:00,2021-11-01 00:00:00
25,23,2021-12-11 00:00:00,2021-12-12 00:00:00
20660,16157,2021-11-07 00:00:00,2021-11-08 00:00:00
1,1,2019-08-18 00:00:00,2019-08-19 00:00:00
2,2,2021-11-19 00:00:00,2021-11-20 00:00:00
1,1,2021-12-01 00:00:00,2021-12-02 00:00:00
1,1,2021-11-16 00:00:00,2021-11-17 00:00:00
2,2,2021-10-28 00:00:00,2021-10-29 00:00:00
3,3,2021-12-09 00:00:00,2021-12-10 00:00:00
1,1,2021-02-08 00:00:00,2021-02-09 00:00:00
1,1,2021-12-13 00:00:00,2021-12-14 00:00:00
1,1,2020-11-23 00:00:00,2020-11-24 00:00:00
1,1,2021-10-27 00:00:00,2021-10-28 00:00:00
1,1,2019-08-05 00:00:00,2019-08-06 00:00:00
2,2,2021-10-26 00:00:00,2021-10-27 00:00:00
2,2,2021-10-01 00:00:00,2021-10-02 00:00:00
3,3,2021-10-23 00:00:00,2021-10-24 00:00:00
14297,12177,2021-11-29 00:00:00,2021-11-30 00:00:00
1,1,2020-04-09 00:00:00,2020-04-10 00:00:00
1,1,2021-07-12 00:00:00,2021-07-13 00:00:00
3,3,2021-10-21 00:00:00,2021-10-22 00:00:00
6,6,2021-12-19 00:00:00,2021-12-20 00:00:00
1,1,2021-04-21 00:00:00,2021-04-22 00:00:00
5,5,2021-11-13 00:00:00,2021-11-14 00:00:00
1,1,2021-04-03 00:00:00,2021-04-04 00:00:00
1,1,2021-09-21 00:00:00,2021-09-22 00:00:00
2,2,2021-12-14 00:00:00,2021-12-15 00:00:00
1,1,2021-11-25 00:00:00,2021-11-26 00:00:00
1,1,2021-10-19 00:00:00,2021-10-20 00:00:00
21,21,2021-12-25 00:00:00,2021-12-26 00:00:00
5,5,2021-11-12 00:00:00,2021-11-13 00:00:00
12927,10971,2021-12-21 00:00:00,2021-12-22 00:00:00
1,1,2021-09-04 00:00:00,2021-09-05 00:00:00
1,1,2021-03-27 00:00:00,2021-03-28 00:00:00
1,1,2019-11-02 00:00:00,2019-11-03 00:00:00
1,1,2021-05-27 00:00:00,2021-05-28 00:00:00
13251,10642,2021-12-12 00:00:00,2021-12-13 00:00:00
1,1,2021-11-08 00:00:00,2021-11-09 00:00:00
1,1,2020-09-21 00:00:00,2020-09-22 00:00:00
3,3,2021-12-02 00:00:00,2021-12-03 00:00:00
1,1,2021-08-15 00:00:00,2021-08-16 00:00:00
5,5,2021-10-29 00:00:00,2021-10-30 00:00:00
4,4,2021-12-10 00:00:00,2021-12-11 00:00:00
1,1,2021-10-25 00:00:00,2021-10-26 00:00:00
1,1,2021-10-04 00:00:00,2021-10-05 00:00:00
7,7,2021-11-26 00:00:00,2021-11-27 00:00:00
3,3,2021-12-16 00:00:00,2021-12-17 00:00:00
1,1,2021-10-03 00:00:00,2021-10-04 00:00:00
1,1,2015-11-14 00:00:00,2015-11-15 00:00:00
13959,11659,2021-11-14 00:00:00,2021-11-15 00:00:00
13861,11536,2021-12-05 00:00:00,2021-12-06 00:00:00
2,2,2021-12-22 00:00:00,2021-12-23 00:00:00
1,1,2021-07-05 00:00:00,2021-07-06 00:00:00
2,2,2021-09-07 00:00:00,2021-09-08 00:00:00
15,15,2021-10-30 00:00:00,2021-10-31 00:00:00
1,1,2021-12-23 00:00:00,2021-12-24 00:00:00
1,1,2021-04-30 00:00:00,2021-05-01 00:00:00
4,4,2021-11-03 00:00:00,2021-11-04 00:00:00
1,1,2021-10-05 00:00:00,2021-10-06 00:00:00
4,4,2021-11-04 00:00:00,2021-11-05 00:00:00
1,1,2021-09-19 00:00:00,2021-09-20 00:00:00
3,3,2021-11-11 00:00:00,2021-11-12 00:00:00
